IP Address,Login Source,Login Date & Time
67.247.133.43,Mobile,"Jan 20, 2016, 4:55:01 AM"
128.151.150.18,Web,"Apr 9, 2019, 8:32:55 PM"
128.151.71.23,Mobile,"Nov 8, 2019, 1:31:33 PM"
50.49.159.149,Web,"Jan 19, 2020, 1:43:27 PM"
8.9.85.46,Web,"Jul 23, 2020, 8:54:48 PM"
50.49.98.46,Web,"Sep 3, 2020, 7:31:50 PM"
128.151.71.12,Web,"Dec 17, 2020, 11:49:34 AM"
128.151.71.12,Web,"Dec 17, 2020, 11:54:24 AM"
128.151.71.12,Web,"Dec 17, 2020, 12:08:09 PM"
128.151.71.12,Web,"Dec 17, 2020, 2:33:36 PM"
50.49.111.129,Web,"Dec 18, 2020, 1:10:33 AM"
50.49.127.232,Mobile,"Dec 21, 2020, 12:08:09 AM"
