Promotion Seen,Timestamp
Feed Follow Option Coachmark,1591648336
Grade Adjusted Pace Activity Detail Upsell,1591131641
Grade Adjusted Pace Activity Detail Upsell,1591131665
Grade Adjusted Pace Activity Detail Upsell,1591558505
Grade Adjusted Pace Activity Detail Upsell,1592082631
Grade Adjusted Pace Activity Detail Upsell,1592094160
Grade Adjusted Pace Activity Detail Feature Education,1592852743
Grade Adjusted Pace Activity Detail Feature Education,1593366374
Grade Adjusted Pace Activity Detail Feature Education,1593548745
translation missing: en-US.lib.export.portability_exporter.metering.label.GOALS_PROFILE_FEATURE_EDUCATION,1597656976
translation missing: en-US.lib.export.portability_exporter.metering.label.GOALS_PROFILE_FEATURE_EDUCATION,1597656977
translation missing: en-US.lib.export.portability_exporter.metering.label.GOALS_PROFILE_FEATURE_EDUCATION,1598010572
translation missing: en-US.lib.export.portability_exporter.metering.label.GOALS_PROFILE_FEATURE_EDUCATION,1598010573
translation missing: en-US.lib.export.portability_exporter.metering.label.GOALS_PROFILE_FEATURE_EDUCATION,1598492616
translation missing: en-US.lib.export.portability_exporter.metering.label.GOALS_PROFILE_FEATURE_EDUCATION,1598576274
