Photo Filename,Photo Caption
photos/DBFB89AD-E00B-4FBD-8AF4-DAE6EC0FD5D8.jpg,""
photos/2AB663CA-7C35-46E2-B1C6-906B66DC2D5B.jpg,""
photos/9E046CE8-0591-40A9-AE29-E36873B6E502.jpg,""
photos/911318DD-3D9D-4522-BED4-AA9BC5304691.jpg,""
photos/6F2F95B4-7251-4922-BA0F-39896483CEBE.jpg,""
photos/89E8F1F8-7EF1-4AEE-B950-76059ADC3A04.jpg,""
photos/678A52B4-906D-410C-8F59-80CF19078424.jpg,""
photos/88778D1A-E0DD-4B6F-8A84-98DF3372B68A.jpg,""
photos/EC40FF5A-81C9-477E-95F7-CAAE8B167F05.jpg,""
photos/4C1998D3-5B5C-4504-9405-2A787E190221.jpg,""
photos/D546F772-4EA0-4C33-9EA7-6A4427778234.jpg,""
photos/93D06EB0-A375-4F69-8B78-40D493FF6643.jpg,""
photos/362BD106-7A22-4E01-9787-B4C14FF0E848.jpg,""
photos/95B55681-567D-4092-8932-431EF65AEC4A.jpg,""
photos/C50AA0C0-EAF6-4626-AC0C-A6E1C83BB7FD.jpg,""
photos/27F9799A-C915-4CD2-B771-6647E53A95FA.jpg,""
photos/0C5A2C55-6CA9-42F1-83C2-43083D913163.jpg,""
photos/22A8AD91-6DEB-4622-B77F-FBD024843726.jpg,""
photos/0E487926-AB1E-4845-9701-9FE282B4811C.jpg,""
photos/94FB97CD-3417-4536-946E-113850B98F24.jpg,""
photos/E1E34046-23A8-4656-80E7-651D3DCCD8DE.jpg,""
photos/C216532F-25F0-4655-8104-CF2F4F5FBBE5.jpg,""
photos/48034EC8-85A0-41D9-88C4-B88E9F9DE7BC.jpg,""
photos/15901B3F-3F68-46D7-9CEF-9B56FCF95CB1.jpg,""
photos/0645D5FC-FED7-4681-A811-33495C8F6A4D.jpg,""
photos/68D50335-4C46-4B75-AA10-CBCB2C84733D.jpg,""
photos/4746B85A-BA25-40C9-B0AD-7CF764ECA767.jpg,""
photos/B5BD3E4C-929F-428C-90F0-518F4674EF4C.jpg,""
photos/3ECFA672-7318-4E8F-A7D7-14D547A13D2C.jpg,""
photos/6495CF93-D4B4-486E-B317-D48F3892E150.jpg,""
photos/42251CF3-F49B-47BA-A776-F2552B936FF0.jpg,""
photos/B9BD92B2-24ED-42E8-8F34-FE94F58A8A5C.jpg,""
photos/83BF377A-B7D5-4130-ADCE-ED7D852BF249.jpg,""
photos/2B5D0874-591E-4FA9-8FE5-8493AD3E6E66.jpg,""
photos/97A7A9BF-C6F2-4311-AD6B-6D4B29ED106C.jpg,""
photos/7843E1EF-B052-4825-B915-E6C298E9EE3E.jpg,""
photos/4044D544-E002-4064-942D-DABD13B0BEC8.jpg,""
photos/5ED712F5-1FA2-48C2-AFFB-CB868D481968.jpg,""
photos/E3FB1514-C814-4021-8527-E3FA7635BB1C.jpg,""
photos/EA3E1912-A595-4916-8656-D073AAC0FF31.jpg,""
photos/783DDD40-C438-42C0-BEE7-2908E8337076.jpg,""
photos/38EAD49F-174A-46C4-A567-30ECC626A6AD.jpg,""
photos/55518AF2-DC8E-464E-99D2-84C73190B54E.jpg,""
photos/5F978C97-E7F1-4901-A5A8-E4BD5EC1A84A.jpg,""
photos/0747D3D5-5D20-492A-8EB8-9ADE2C6F5B02.jpg,""
photos/2EEDF9BB-1FF7-47E3-9FBC-8EE447EBDE05.jpg,Saturday @ HOCR
